"text","label"
"مطور خلفي كبير يمتلك خبرة 6 سنوات في بايثون وجافا. متخصص في بناء واجهات برمجة تطبيقات RESTful وهندسة الخدمات المصغرة. لديه خبرة في أطر عمل Spring Boot و Django.","IT"
"مطور شامل Stack يجيد JavaScript و React.js و Node.js. يتمتع بخبرة قوية في بناء تطبيقات ويب متجاوبة والعمل مع قواعد بيانات MongoDB.","IT"
"مهندس DevOps لديه خبرة في خدمات السحابة AWS والحاويات Docker وخطوط أنابيب CI/CD. لديه خبرة في أتمتة عمليات النشر وإدارة البنية التحتية.","IT"
"مطور واجهات أمامية متخصص في Vue.js وأطر عمل CSS الحديثة. يركز على إنشاء واجهات مستخدم يمكن الوصول إليها وتتميز بالأداء العالي.","IT"
"عالم بيانات ماهر في Python و R ومكتبات التعلم الآلي. لديه خبرة في النمذجة التنبؤية وتصور البيانات.","IT"
"أخصائي تسويق رقمي لديه 5 سنوات من الخبرة في SEO و SEM والتسويق عبر وسائل التواصل الاجتماعي. لديه سجل حافل في زيادة الحركة العضوية بأكثر من 200٪ لعملاء التجارة الإلكترونية.","Marketing"
"مدير تسويق المحتوى يجيد تطوير استراتيجيات المحتوى التي تحفز المشاركة والتحويلات. لديه خبرة في أدوات أتمتة التسويق ومنصات التحليلات.","Marketing"
"مدير وسائل التواصل الاجتماعي لديه خبرة في تنمية الوجودالعلامة التجارية على منصات مثل Instagram و TikTok و Twitter. يجيد التحليلات وإدارة المجتمع.","Marketing"
"أخصائي الدفع بالنقرة (PPC) يركز على إدارة وتحسين حملات Google Ads و Microsoft Advertising لتعظيم عائد الاستثمار.","Marketing"
"مدير العلامة التجارية لديه خبرة في تطوير هوية العلامة التجارية وتحديد المواقع واستراتيجيات دخول الأسواق للمنتجات B2C.","Marketing"
"محلل مالي معتمد لديه خبرة في النمذجة المالية وتقييم المخاطر وتحليل الاستثمار. يجيد وظائف Excel المتقدمة والبرامج المالية.","Finance"
"محاسب كبير لديه خبرة واسعة في إعداد التقارير المالية والإعداد الضريبي وعمليات التدقيق للعملاء الشركات. يجيد برامج المحاسبة QuickBooks و SAP.","Finance"
"مصرفي استثماري لديه خلفية في عمليات الدمج والاستحواذ وجمع رأس المال والفحص المالي Due Diligence لشركات التكنولوجيا.","Finance"
"محلل إدارة المخاطر يجيد تحديد المخاطر المالية وتحليلها والتخفيف من حدتها للمنظمات الدولية.","Finance"
"مدقق حسابات لديه خبرة في إجراء عمليات التدقيق الداخلية والخارجية، وضمان الامتثال للوائح والمعايير المالية.","Finance"
"مهندس ميكانيكي متخصص في تصميم وتطوير المنتجات. لديه خبرة في برامج CAD واختبار النماذج الأولية.","Engineering"
"مهندس مدني يركز على التحليل الإنشائي وإدارة المشاريع لمشاريع البنية التحتية الكبيرة.","Engineering"
"مهندس كهرباء لديه خبرة في تصميم الدوائر وأنظمة الطاقة وتطوير الأنظمة المضمنة.","Engineering"
"مهندس مشاريع يجيد تنسيق فرق العمل الفنية وإدارة الميزانيات وضمان استيفاء نواتج المشروع وفقًا للجدول الزمني.","Engineering"
"مهندس تصميم تكييف هواء يجيد إنشاء أنظمة التدفئة والتهوية وتكييف الهواء للمباني التجارية.","Engineering"
"ممرض مسجل لديه 5 سنوات من الخبرة في رعاية الطوارئ وتصنيف المرضى. ماهر في تثقيف المرضى والرعاية الحرجة.","Healthcare"
"فني مختبر طبي يجيد إجراء الاختبارات التشخيصية وتحليل سوائل الجسم وتشغيل معدات المختبر.","Healthcare"
"أخصائي علاج طبيعي متخصص في إعادة التأهيل العضوي وتطوير خطط recovery مخصصة للمرضى.","Healthcare"
"صيدلي لديه خبرة في إدارة العلاج الدوائي واستشارات المرضى وضمان بروتوكولات سلامة الدواء.","Healthcare"
"مدير السجلات الطبية يجيد إدارة بيانات المرضى وضمان الامتثال لقانون HIPAA واستخدام أنظمة السجلات الصحية الإلكترونية.","Healthcare"
"Senior backend developer with 6 years of experience in Python and Java. Specialized in building RESTful APIs and microservices architecture. Experienced with Spring Boot and Django frameworks.","IT"
"Full-stack developer proficient in JavaScript, React.js, and Node.js. Strong experience in building responsive web applications and working with MongoDB databases.","IT"
"DevOps engineer with expertise in AWS cloud services, Docker containerization, and CI/CD pipelines. Experienced in automating deployment processes and infrastructure management.","IT"
"Frontend developer specializing in Vue.js and modern CSS frameworks. Focus on creating accessible and performant user interfaces.","IT"
"Data scientist skilled in Python, R, and machine learning libraries. Experience in predictive modeling and data visualization.","IT"
"Digital marketing specialist with 5 years of experience in SEO, SEM, and social media marketing. Proven track record of increasing organic traffic by over 200% for e-commerce clients.","Marketing"
"Content marketing manager skilled in developing content strategies that drive engagement and conversions. Experienced with marketing automation tools and analytics platforms.","Marketing"
"Social media manager with expertise in growing brand presence across platforms like Instagram, TikTok, and Twitter. Proficient in analytics and community management.","Marketing"
"PPC specialist focused on managing and optimizing Google Ads and Microsoft Advertising campaigns to maximize ROI.","Marketing"
"Brand manager experienced in developing brand identity, positioning, and go-to-market strategies for B2C products.","Marketing"
"Certified financial analyst with expertise in financial modeling, risk assessment, and investment analysis. Proficient in advanced Excel functions and financial software.","Finance"
"Senior accountant with extensive experience in financial reporting, tax preparation, and audit processes for corporate clients. Skilled in QuickBooks and SAP accounting software.","Finance"
"Investment banker with a background in mergers & acquisitions, capital raising, and financial due diligence for technology firms.","Finance"
"Risk management analyst proficient in identifying, analyzing, and mitigating financial risks for international organizations.","Finance"
"Auditor with experience in conducting internal and external audits, ensuring compliance with financial regulations and standards.","Finance"
"Mechanical engineer specializing in product design and development. Experienced with CAD software and prototype testing.","Engineering"
"Civil engineer with a focus on structural analysis and project management for large-scale infrastructure projects.","Engineering"
"Electrical engineer experienced in circuit design, power systems, and embedded systems development.","Engineering"
"Project engineer skilled in coordinating technical teams, managing budgets, and ensuring project deliverables are met on schedule.","Engineering"
"HVAC design engineer proficient in creating heating, ventilation, and air conditioning systems for commercial buildings.","Engineering"
"Registered nurse with 5 years of experience in emergency care and patient triage. Skilled in patient education and critical care.","Healthcare"
"Medical laboratory technician proficient in conducting diagnostic tests, analyzing bodily fluids, and operating lab equipment.","Healthcare"
"Physical therapist specializing in orthopedic rehabilitation and developing personalized recovery plans for patients.","Healthcare"
"Pharmacist with experience in medication therapy management, patient counseling, and ensuring drug safety protocols.","Healthcare"
"Medical records administrator skilled in managing patient data, ensuring HIPAA compliance, and utilizing EHR systems.","Healthcare"
"Senior Python Developer with 8 years of experience designing and implementing scalable microservices architectures. Expert in Django, Flask, and cloud deployment on AWS and GCP.","IT"
"مطور بايثون أول يمتلك 8 سنوات من الخبرة في تصميم وتنفيذ هندسة الخدمات المصغرة القابلة للتطويع. خبير في Django و Flask والنشر السحابي على AWS و GCP.","IT"
"Data Engineer skilled in building large-scale data pipelines using Apache Spark, Kafka, and Airflow. Proficient in SQL, NoSQL, and data warehousing solutions.","IT"
"مهندس بيانات ماهر في بناء خطوط أنابيب البيانات واسعة النطاق باستخدام Apache Spark و Kafka و Airflow. يجيد SQL و NoSQL وحلول مستودعات البيانات.","IT"
"Cybersecurity Analyst with 5+ years of experience in vulnerability assessment, penetration testing, and implementing security protocols for enterprise networks.","IT"
"محلل أمن سيبراني يمتلك خبرة تزيد عن 5 سنوات في تقييم الثغرات الأمنية واختبار الاختراق وتنفيذ بروتوكولات الأمان للشبكات المؤسسية.","IT"
"UX/UI Designer passionate about creating intuitive user experiences and beautiful interfaces. Proficient in Figma, Adobe XD, and user research methodologies.","IT"
"مصمم واجهات وتجربة مستخدم شغوف بخلق تجارب مستخدم بديهية وواجهات جميلة. يجيد Figma و Adobe XD ومنهجيات البحث للمستخدم.","IT"
"IT Project Manager with a proven track record of delivering complex software projects on time and within budget using Agile and Scrum methodologies.","IT"
"مدير مشاريع تقنية معلومات لديه سجل حافل في تسليم مشاريع برمجية معقدة في الوقت المحدد وفي حدود الميزانية باستخدام منهجيات Agile و Scrum.","IT"
"DevOps Engineer specializing in CI/CD pipelines, infrastructure as code with Terraform, and container orchestration with Kubernetes on AWS.","IT"
"مهندس DevOps متخصص في خطوط أنابيب CI/CD، البنية التحتية كود باستخدام Terraform، وتنسيق الحاويات مع Kubernetes على AWS.","IT"
"Frontend Developer expert in React, TypeScript, and state management libraries. Focuses on building high-performance, accessible web applications.","IT"
"مطور واجهات أمامية خبير في React و TypeScript ومكتبات إدارة الحالة. يركز على بناء تطبيقات ويب عالية الأداء يسهل الوصول إليها.","IT"
"Machine Learning Engineer with a strong background in developing and deploying NLP models and computer vision systems into production environments.","IT"
"مهندس تعلم آلي لديه خلفية قوية في تطوير ونشر نماذج معالجة اللغة الطبيعية (NLP) وأنظمة رؤية الحاسوب في بيئات الإنتاج.","IT"
"Cloud Solutions Architect designing secure, scalable, and cost-effective cloud infrastructures for enterprise clients on Microsoft Azure.","IT"
"مهندس حلول سحابية يصمم بنى تحتية سحابية آمنة وقابلة للتطويع واقتصادية للعملاء المؤسسيين على Microsoft Azure.","IT"
"Software Development Manager leading a team of 15 engineers in building SaaS products for the healthcare industry using .NET and Angular.","IT"
"مدير تطوير برمجيات يقود فريقًا من 15 مهندسًا لبناء منتجات SaaS لصناعة الرعاية الصحية باستخدام .NET و Angular.","IT"
"IT Support Specialist providing Level 2 and 3 technical support, troubleshooting hardware and software issues, and managing user accounts via Active Directory.","IT"
"أخصائي دعم فني لتقنية المعلومات يقدم دعمًا فنيًا من المستوى 2 و3، واستكشاف أعطال الأجهزة والبرامج وإصلاحها، وإدارة حسابات المستخدمين عبر Active Directory.","IT"
"Blockchain Developer experienced in writing smart contracts in Solidity and building decentralized applications (dApps) on the Ethereum network.","IT"
"مطور بلوك تشين لديه خبرة في كتابة العقود الذكية بلغة Solidity وبناء التطبيقات اللامركزية (dApps) على شبكة Ethereum.","IT"
"iOS Developer proficient in Swift and SwiftUI, with a portfolio of published apps on the App Store focusing on user experience and design.","IT"
"مطور iOS يجيد Swift و SwiftUI، لديه portfolio لتطبيقات منشورة على متجر التطبيقات تركز على تجربة المستخدم والتصميم.","IT"
"Data Scientist skilled in statistical analysis, predictive modeling, and data visualization using Python, R, and Tableau for business insights.","IT"
"عالم بيانات ماهر في التحليل الإحصائي والنمذجة التنبؤية وتصور البيانات باستخدام Python و R و Tableau لاستخلاص رؤى الأعمال.","IT"
"QA Automation Engineer developing automated test scripts with Selenium and Cypress to ensure software quality and performance across web applications.","IT"
"مهندس ضمان الجودة Automation يطور نصوص اختبار آلية باستخدام Selenium و Cypress لضمان جودة البرامج وأدائها عبر تطبيقات الويب.","IT"
"Digital Marketing Manager with expertise in developing and executing multi-channel marketing strategies that increase brand awareness and drive revenue growth.","Marketing"
"مدير تسويق رقمي خبير في تطوير وتنفيذ استراتيجيات تسويق متعددة القنوات تزيد من الوعي بالعلامة التجارية وتدفع نمو الإيرادات.","Marketing"
"SEO Specialist focused on technical SEO, on-page optimization, and link-building strategies to achieve top rankings on search engine results pages (SERPs).","Marketing"
"أخصائي SEO يركز على التحسين التقني ومحركات البحث (SEO التقني)، والتحسين على الصفحة، واستراتيجيات بناء الروابط لتحقيق أفضل المراكز في صفحات نتائج محركات البحث (SERPs).","Marketing"
"Growth Hacker with a data-driven approach to user acquisition, retention, and monetization. Experienced in A/B testing and marketing automation platforms.","Marketing"
"خبير نمو يستخدم نهجًا قائمًا على البيانات لاكتساب المستخدمين والاحتفاظ بهم وتحقيق الدخل. لديه خبرة في الاختبار A/B ومنصات أتمتة التسويق.","Marketing"
"Email Marketing Specialist skilled in crafting targeted email campaigns, managing subscriber lists, and analyzing performance metrics to optimize conversion rates.","Marketing"
"أخصائي تسويق عبر البريد الإلكتروني يجيد صياغة حملات بريد إلكتروني مستهدفة وإدارة قوائم المشتركين وتحليل مقاييس الأداء لتحسين معدلات التحويل.","Marketing"
"Brand Strategist experienced in market research, competitive analysis, and developing unique brand positioning and messaging for new market entrants.","Marketing"
"استراتيجي العلامة التجارية لديه خبرة في أبحاث السوق والتحليل التنافسي وتطوير تحديد المواقع والرسائل الفريدة للعلامة التجارية للوافدين الجدد إلى السوق.","Marketing"
"Social Media Manager creating engaging content and managing communities across Instagram, Facebook, and TikTok to build strong brand loyalty.","Marketing"
"مدير وسائل التواصل الاجتماعي ينشئ محتوى جذابًا ويدير المجتمعات عبر Instagram و Facebook و TikTok لبناء ولاء قوي للعلامة التجارية.","Marketing"
"Content Marketing Manager developing content strategies that align with the buyer's journey, from blog posts and whitepapers to case studies and webinars.","Marketing"
"مدير تسويق المحتوى يطور استراتيجيات محتوى تتماشى مع رحلة المشتري، من منشورات المدونات والأوراق البيضاء إلى دراسات الحالةندوات عبر الإنترنت.","Marketing"
"PPC Specialist managing large-scale Google Ads and Bing Ads campaigns, conducting keyword research, and optimizing ad spend for maximum ROI.","Marketing"
"أخصائي الدفع بالنقرة (PPC) يدير حملات Google Ads و Bing Ads واسعة النطاق، ويجري أبحاث الكلمات الرئيسية، ويحسن إنفاق الإعلانات لتعظيم عائد الاستثمار.","Marketing"
"Affiliate Marketing Manager building and managing a network of affiliates, developing promotional materials, and tracking performance through affiliate software.","Marketing"
"مدير التسويق بالعمولة يبني ويدير شبكة من الشركاء بالعمولة، ويطور المواد الترويجية، ويتتبع الأداء عبر برنامج الشركاء.","Marketing"
"Market Research Analyst skilled in designing surveys, conducting focus groups, and analyzing qualitative and quantitative data to inform marketing strategy.","Marketing"
"محلل أبحاث السوق ماهر في تصميم الاستبيانات وإجراء مجموعات التركيز وتحليل البيانات النوعية والكمية لإعلام استراتيجية التسويق.","Marketing"
"Product Marketing Manager launching new products and features, developing go-to-market strategies, and creating sales enablement tools for B2B software.","Marketing"
"مدير تسويق المنتج يطلق منتجات وملامح جديدة، ويطور استراتيجيات دخول الأسواق، وينشئ أدوات تمكين المبيعات لبرامج B2B.","Marketing"
"E-commerce Manager overseeing online store operations, product listings, promotions, and digital marketing campaigns to drive online sales.","Marketing"
"مدير متجر إلكتروني يشرف على عمليات المتجر عبر الإنترنت وقوائم المنتجات والترويج والحملات التسويقية الرقمية لدفع المبيعات عبر الإنترنت.","Marketing"
"Influencer Marketing Coordinator identifying and partnering with relevant influencers to create authentic content and promote brand products.","Marketing"
"منسق التسويق بال influencers يتعرف على influencers ذوي صلة ويتعاون معهم لإنشاء محتوى أصلي والترويج لمنتجات العلامة التجارية.","Marketing"
"Financial Controller with comprehensive experience in managing accounting teams, financial reporting, budgeting, and ensuring regulatory compliance.","Finance"
"مراقب مالي يتمتع بخبرة شاملة في إدارة فرق المحاسبة وإعداد التقارير المالية والميزانية وضمان الامتثال للوائح.","Finance"
"Investment Analyst skilled in equity research, financial modeling, and valuation techniques to provide data-driven investment recommendations.","Finance"
"محلل استثمار ماهر في أبحاث الأسهم والنمذجة المالية وتقنيات التقييم لتقديم توصيات استثمارية قائمة على البيانات.","Finance"
"FinTech Product Manager with a background in developing innovative digital payment solutions and mobile banking applications for financial institutions.","Finance"
"مدير منتجات التكنولوجيا المالية (FinTech) لديه خلفية في تطوير حلول الدفع الرقمية المبتكرة وتطبيقات البنوك المحمولة للمؤسسات المالية.","Finance"
"Tax Consultant specializing in international tax law, corporate tax planning, and helping clients optimize their tax strategies and ensure compliance.","Finance"
"مستشار ضريبي متخصص في قانون الضرائب الدولي والتخطيط الضريبي للشركات ومساعدة العملاء على تحسين استراتيجياتهم الضريبية وضمان الامتثال.","Finance"
"Treasury Analyst experienced in cash flow management, risk assessment, and implementing strategies to optimize corporate liquidity and working capital.","Finance"
"محلل خزانة لديه خبرة في إدارة التدفق النقدي وتقييم المخاطر وتنفيذ الاستراتيجيات لتحسين السيولة corporation ورأس المال العامل.","Finance"
"Senior Accountant managing the full accounting cycle, including accounts payable/receivable, payroll, general ledger maintenance, and month-end close processes.","Finance"
"محاسب كبير يدير دورة المحاسبة الكاملة، بما في ذلك الحسابات الدائنة/ المدينة وكشوف المرتبات وصيانة دفتر الأستاذ العام وعمليات إقفال نهاية الشهر.","Finance"
"Auditor (Internal) conducting operational and financial audits, evaluating internal controls, and providing recommendations for improving processes and compliance.","Finance"
"مدقق (داخلي) يجري عمليات تدقيق تشغيلية ومالية، ويقيم الضوابط الداخلية، ويقدم توصيات لتحسين العمليات والامتثال.","Finance"
"Financial Planner (CFP) assisting individuals and families with comprehensive financial planning, including retirement, investment, insurance, and estate planning.","Finance"
"مخطط مالي معتمد (CFP) يساعد الأفراد والعائلات في التخطيط المالي الشامل، بما في ذلك التخطيط للتقاعد والاستثمار والتأمين والتخطيط العقاري.","Finance"
"Credit Analyst assessing the creditworthiness of individuals and businesses by analyzing financial statements, credit reports, and market conditions.","Finance"
"محلل ائتمان يقيم الجدارة الائتمانية للأفراد والشركات من خلال تحليل البيانات المالية والتقارير الائتمانية وظروف السوق.","Finance"
"Risk Manager identifying, analyzing, and mitigating financial, operational, and strategic risks using quantitative models and risk assessment frameworks.","Finance"
"مدير مخاطر يتعرف على المخاطر المالية والتشغيلية والاستراتيجية ويحللها ويخفف من حدتها باستخدام نماذج كمية وأطر تقييم المخاطر.","Finance"
"M&A Analyst supporting mergers and acquisitions by conducting due diligence, financial modeling, and integration planning for corporate transactions.","Finance"
"محلل اندماج واستحواذ يدعم عمليات الدمج والاستحواذ من خلال إجراء العناية الواجبة والنمذجة المالية والتخطيط للدمج للمعاملات المؤسسية.","Finance"
"VP of Finance leading the finance department, developing financial strategy, managing investor relations, and overseeing capital raising initiatives.","Finance"
"نائب رئيس الشؤون المالية يقود قسم الشؤون المالية، ويطور الاستراتيجية المالية، ويدير علاقات المستثمرين، ويشرف على مبادرات جمع رأس المال.","Finance"
"Structural Engineer with 7 years of experience in the design and analysis of buildings and bridges using advanced modeling software and adhering to international codes.","Engineering"
"مهندس إنشائي يمتلك 7 سنوات من الخبرة في تصميم وتحليل المباني والجسور باستخدام برامج النمذجة المتقدمة والالتزام بالكودات الدولية.","Engineering"
"Renewable Energy Engineer specializing in the design and project management of solar PV and wind farm installations.","Engineering"
"مهندس طاقة متجددة متخصص في تصميم وإدارة مشاريع تركيب الألواح الشمسية وطواحين الهواء.","Engineering"
"Automotive Engineer focused on the design, testing, and validation of electric vehicle (EV) powertrains and battery systems.","Engineering"
"مهندس سيارات يركز على تصميم واختبار وتحقق أنظمة نقل الحركة والبطاريات للمركبات الكهربائية (EV).","Engineering"
"QA/QC Engineer ensuring the highest quality standards in manufacturing processes through rigorous testing, inspection, and continuous improvement methodologies.","Engineering"
"مهندس ضمان الجودة/مراقبة الجودة يضمن أعلى معايير الجودة في عمليات التصنيع من خلال الاختبارات الصارمة والتفتيش ومنهجيات التحسين المستمر.","Engineering"
"Robotics Engineer with experience in designing autonomous systems, computer vision, and motion planning for industrial automation applications.","Engineering"
"مهندس robotics لديه خبرة في تصميم الأنظمة المستقلة ورؤية الكمبيوتر وتخطيط الحركة لتطبيقات الأتمتة الصناعية.","Engineering"
"Civil Project Manager overseeing the planning, budgeting, and execution of large-scale infrastructure projects such as highways, tunnels, and water treatment plants.","Engineering"
"مدير مشاريع مدنية يشرف على التخطيط والميزانية وتنفيذ مشاريع البنية التحتية واسعة النطاق مثل الطرق السريعة والأنفاق ومحطات معالجة المياه.","Engineering"
"Electrical Design Engineer creating electrical systems and circuit designs for commercial buildings, industrial facilities, and power distribution networks.","Engineering"
"مهندس تصميم كهربائي يصمم الأنظمة الكهربائية وتصاميم الدوائر للمباني التجارية والمنشآت الصناعية وشبكات توزيع الطاقة.","Engineering"
"Mechanical Engineer (HVAC) designing heating, ventilation, and air conditioning systems for large commercial and residential projects.","Engineering"
"مهندس ميكانيكي (تكييف) يصمم أنظمة التدفئة والتهوية وتكييف الهواء للمشاريع التجارية والسكنية الكبيرة.","Engineering"
"Chemical Process Engineer optimizing chemical manufacturing processes, improving yield, and ensuring safety and environmental compliance in plant operations.","Engineering"
"مهندس عمليات كيميائية يحسن عمليات التصنيع الكيميائي، ويزيد الإنتاجية، ويضمن السلامة والامتثال البيئي في عمليات المصنع.","Engineering"
"Aerospace Engineer involved in the structural analysis and testing of aircraft components and systems using finite element analysis (FEA) software.","Engineering"
"مهندس طيران مشارك في التحليل الإنشائي واختبار مكونات وأنظمة الطائرات باستخدام برنامج تحليل العناصر المحددة (FEA).","Engineering"
"Biomedical Engineer developing medical devices and equipment, from conceptual design and prototyping to clinical testing and regulatory approval.","Engineering"
"مهندس طبي حيوي يطور الأجهزة والمعدات الطبية، من التصميم المفاهيمي والنماذج الأولية إلى الاختبارات السريرية والموافقة التنظيمية.","Engineering"
"Geotechnical Engineer analyzing soil and rock mechanics to assess site conditions and provide recommendations for foundations and earthworks for construction projects.","Engineering"
"مهندس جيوتقني يحلل ميكانيكا التربة والصخور لتقييم ظروف الموقع وتقديم توصيات للأساسيات وأعمال الحفر لمشاريع البناء.","Engineering"
"Registered Nurse with extensive experience in pediatric care, patient advocacy, and developing comprehensive care plans in a hospital setting.","Healthcare"
"ممرض مسجل يتمتع بخبرة واسعة في رعاية الأطفال والدفاع عن المرضى وتطوير خطط رعاية شاملة في بيئة المستشفى.","Healthcare"
"Medical Doctor (General Practitioner) with a patient-centered approach, skilled in diagnosis, treatment planning, and chronic disease management.","Healthcare"
"طبيب (ممارس عام) يتبع نهجًا يركز على المريض، ويجيد التشخيص وتخطيط العلاج وإدارة الأمراض المزمنة.","Healthcare"
"Physiotherapist specializing in sports injury rehabilitation, using manual therapy and exercise prescription to help patients recover mobility.","Healthcare"
"أخصائي علاج طبيعي متخصص في إعادة تأهيل إصابات الرياضيين، باستخدام العلاج اليدوي ووصف التمارين لمساعدة المرضى على استعادة الحركة.","Healthcare"
"Pharmacist with expertise in clinical pharmacy, medication therapy management, and ensuring patient safety through accurate dispensing and counseling.","Healthcare"
"صيدلي خبير في الصيدلة السريرية وإدارة العلاج الدوائي وضمان سلامة المرضى من خلال الصرف الدقيق والإرشاد.","Healthcare"
"MRI Radiographer proficient in operating imaging equipment, following safety protocols, and working with radiologists to aid in diagnosis.","Healthcare"
"فني أشعة الرنين المغناطيسي يجيد تشغيل معدات التصوير واتباع بروتوكولات السلامة والعمل مع أطباء الأشعة للمساعدة في التشخيص.","Healthcare"
"Emergency Room Nurse skilled in triage, trauma care, and working effectively under high-pressure situations to provide critical patient care.","Healthcare"
"ممرض غرفة الطوارئ ماهر في الفرز والرعاية الصدمية والعمل بفعالية تحت الضغط لتقديم رعاية حرجة للمرضى.","Healthcare"
"Medical Laboratory Scientist performing complex tests on patient samples, analyzing results, and providing crucial data for disease diagnosis and treatment.","Healthcare"
"عالم مختبرات طبية يجري اختبارات معقدة على عينات المرضى، ويحلل النتائج، ويقدم بيانات crucial لتشخيص الأمراض وعلاجها.","Healthcare"
"Speech-Language Pathologist assessing and treating communication and swallowing disorders in children and adults across various clinical settings.","Healthcare"
"أخصائي أمراض النطق واللغة يقيم ويعالج اضطرابات التواصل والبلع عند الأطفال والبالغين في various الإعدادات السريرية.","Healthcare"
"Clinical Psychologist providing therapy and counseling services to individuals and groups, specializing in cognitive-behavioral therapy (CBT) for anxiety and depression.","Healthcare"
"طبيب نفسي إكلينيكي يقدم خدمات العلاج والإرشاد للأفراد والمجموعات، متخصص في العلاج السلوكي المعرفي (CBT) للقلق والاكتئاب.","Healthcare"
"Healthcare Administrator managing the operations of a hospital department, including staffing, budgeting, and ensuring compliance with healthcare regulations.","Healthcare"
"مسؤول الرعاية الصحية يدير عمليات قسم المستشفى، بما في ذلك التوظيف والميزانية وضمان الامتثال للوائح الرعاية الصحية.","Healthcare"
"Pediatrician providing primary healthcare for infants, children, and adolescents, including well-child exams, vaccinations, and treatment of acute and chronic illnesses.","Healthcare"
"طبيب أطفال يقدم الرعاية الصحية الأولية للرضع والأطفال والمراهقين، بما في ذلك فحوصات الطفل السليم والتطعيمات وعلاج الأمراض الحادة والمزمنة.","Healthcare"
"High School Mathematics Teacher with 5 years of experience creating engaging lesson plans and fostering a positive learning environment for diverse students.","Education"
"معلم رياضيات في المدرسة الثانوية يمتلك 5 سنوات من الخبرة في إنشاء خطط الدروس الجذابة وتعزيز بيئة تعليمية إيجابية للطلاب المتنوعين.","Education"
"University Professor of Computer Science, conducting research in artificial intelligence and machine learning while teaching undergraduate and graduate courses.","Education"
"أستاذ جامعي في علوم الكمبيوتر، يجري أبحاثًا في الذكاء الاصطناعي والتعلم الآلي while تدريس courses لطلاب البكالوريوس والدراسات العليا.","Education"
"Curriculum Developer with expertise in designing STEM educational materials and digital learning content aligned with national standards.","Education"
"مطور مناهج دراسية خبير في تصميم مواد تعليمية STEM ومحتوى التعلم الرقمي المحاذاة مع المعايير الوطنية.","Education"
"School Counselor dedicated to supporting student academic achievement, social-emotional development, and career planning.","Education"
"مرشد طلابي مكرس لدعم التحصيل الدراسي للطالب والتطور الاجتماعي والعاطفي والتخطيط المهني.","Education"
"ESL Instructor experienced in teaching English language skills to non-native speakers of all ages and proficiency levels.","Education"
"مدرس لغة إنجليزية كلغة ثانية (ESL) لديه خبرة في تدريس مهارات اللغة الإنجليزية للناطقين بلغات أخرى من جميع الأعمار ومستويات الكفاءة.","Education"
"Special Education Teacher developing individualized education programs (IEPs) and using adaptive teaching methods to support students with diverse learning needs.","Education"
"معلم التربية الخاصة يطور برامج تعليمية فردية (IEPs) ويستخدم طرق تدريس تكيفية لدعم الطلاب ذوي الاحتياجات التعليمية المتنوعة.","Education"
"Elementary School Teacher creating a foundational and inclusive learning experience for young students across all core subjects.","Education"
"معلم مدرسة ابتدائية يخلق تجربة تعليمية تأسيسية وشاملة للطلاب الصغار عبر جميع المواد الأساسية.","Education"
"School Principal providing instructional leadership, managing school operations, and fostering a collaborative culture among teachers, students, and parents.","Education"
"مدير مدرسة يقدم قيادة تعليمية، ويدير عمليات المدرسة، ويعزز ثقافة تعاونية بين المعلمين والطلاب وأولياء الأمور.","Education"
"Librarian (School) managing the school library, promoting literacy and digital citizenship, and assisting students and teachers with research and resources.","Education"
"أمين مكتبة (مدرسة) يدير مكتبة المدرسة، ويعزز محو الأمية والمواطنة الرقمية، ويساعد الطلاب والمعلمين في البحث والموارد.","Education"
"Educational Technology Specialist integrating technology into the classroom, training teachers on new tools, and managing the school's digital learning platforms.","Education"
"أخصائي تكنولوجيا التعليم يدمج التكنولوجيا في الفصل الدراسي، ويدرب المعلمين على أدوات جديدة، ويدير منصات التعلم الرقمي في المدرسة.","Education"
"College Admissions Counselor advising high school students on the college application process, essay writing, and scholarship opportunities.","Education"
"مستشار القبول الجامعي يقدم النصح لطلاب المدارس الثانوية حول عملية التقديم للجامعة، وكتابة المقالات، وفرص المنح الدراسية.","Education"
"Senior Python Developer with 8 years of experience designing and implementing scalable microservices architectures. Expert in Django, Flask, and cloud deployment on AWS and GCP.","IT"
"مطور بايثون أول يمتلك 8 سنوات من الخبرة في تصميم وتنفيذ هندسة الخدمات المصغرة القابلة للتطويع. خبير في Django و Flask والنشر السحابي على AWS و GCP.","IT"
"Data Engineer skilled in building large-scale data pipelines using Apache Spark, Kafka, and Airflow. Proficient in SQL, NoSQL, and data warehousing solutions.","IT"
"مهندس بيانات ماهر في بناء خطوط أنابيب البيانات واسعة النطاق باستخدام Apache Spark و Kafka و Airflow. يجيد SQL و NoSQL وحلول مستودعات البيانات.","IT"
"Cybersecurity Analyst with 5+ years of experience in vulnerability assessment, penetration testing, and implementing security protocols for enterprise networks.","IT"
"محلل أمن سيبراني يمتلك خبرة تزيد عن 5 سنوات في تقييم الثغرات الأمنية واختبار الاختراق وتنفيذ بروتوكولات الأمان للشبكات المؤسسية.","IT"
"UX/UI Designer passionate about creating intuitive user experiences and beautiful interfaces. Proficient in Figma, Adobe XD, and user research methodologies.","IT"
"مصمم واجهات وتجربة مستخدم شغوف بخلق تجارب مستخدم بديهية وواجهات جميلة. يجيد Figma و Adobe XD ومنهجيات البحث للمستخدم.","IT"
"IT Project Manager with a proven track record of delivering complex software projects on time and within budget using Agile and Scrum methodologies.","IT"
"مدير مشاريع تقنية معلومات لديه سجل حافل في تسليم مشاريع برمجية معقدة في الوقت المحدد وفي حدود الميزانية باستخدام منهجيات Agile و Scrum.","IT"
"DevOps Engineer specializing in CI/CD pipelines, infrastructure as code with Terraform, and container orchestration with Kubernetes on AWS.","IT"
"مهندس DevOps متخصص في خطوط أنابيب CI/CD، البنية التحتية كود باستخدام Terraform، وتنسيق الحاويات مع Kubernetes على AWS.","IT"
"Frontend Developer expert in React, TypeScript, and state management libraries. Focuses on building high-performance, accessible web applications.","IT"
"مطور واجهات أمامية خبير في React و TypeScript ومكتبات إدارة الحالة. يركز على بناء تطبيقات ويب عالية الأداء يسهل الوصول إليها.","IT"
"Machine Learning Engineer with a strong background in developing and deploying NLP models and computer vision systems into production environments.","IT"
"مهندس تعلم آلي لديه خلفية قوية في تطوير ونشر نماذج معالجة اللغة الطبيعية (NLP) وأنظمة رؤية الحاسوب في بيئات الإنتاج.","IT"
"Cloud Solutions Architect designing secure, scalable, and cost-effective cloud infrastructures for enterprise clients on Microsoft Azure.","IT"
"مهندس حلول سحابية يصمم بنى تحتية سحابية آمنة وقابلة للتطويع واقتصادية للعملاء المؤسسيين على Microsoft Azure.","IT"
"Software Development Manager leading a team of 15 engineers in building SaaS products for the healthcare industry using .NET and Angular.","IT"
"مدير تطوير برمجيات يقود فريقًا من 15 مهندسًا لبناء منتجات SaaS لصناعة الرعاية الصحية باستخدام .NET و Angular.","IT"
"IT Support Specialist providing Level 2 and 3 technical support, troubleshooting hardware and software issues, and managing user accounts via Active Directory.","IT"
"أخصائي دعم فني لتقنية المعلومات يقدم دعمًا فنيًا من المستوى 2 و3، واستكشاف أعطال الأجهزة والبرامج وإصلاحها، وإدارة حسابات المستخدمين عبر Active Directory.","IT"
"Blockchain Developer experienced in writing smart contracts in Solidity and building decentralized applications (dApps) on the Ethereum network.","IT"
"مطور بلوك تشين لديه خبرة في كتابة العقود الذكية بلغة Solidity وبناء التطبيقات اللامركزية (dApps) على شبكة Ethereum.","IT"
"iOS Developer proficient in Swift and SwiftUI, with a portfolio of published apps on the App Store focusing on user experience and design.","IT"
"مطور iOS يجيد Swift و SwiftUI، لديه portfolio لتطبيقات منشورة على متجر التطبيقات تركز على تجربة المستخدم والتصميم.","IT"
"Data Scientist skilled in statistical analysis, predictive modeling, and data visualization using Python, R, and Tableau for business insights.","IT"
"عالم بيانات ماهر في التحليل الإحصائي والنمذجة التنبؤية وتصور البيانات باستخدام Python و R و Tableau لاستخلاص رؤى الأعمال.","IT"
"QA Automation Engineer developing automated test scripts with Selenium and Cypress to ensure software quality and performance across web applications.","IT"
"مهندس ضمان الجودة Automation يطور نصوص اختبار آلية باستخدام Selenium و Cypress لضمان جودة البرامج وأدائها عبر تطبيقات الويب.","IT"
"Digital Marketing Manager with expertise in developing and executing multi-channel marketing strategies that increase brand awareness and drive revenue growth.","Marketing"
"مدير تسويق رقمي خبير في تطوير وتنفيذ استراتيجيات تسويق متعددة القنوات تزيد من الوعي بالعلامة التجارية وتدفع نمو الإيرادات.","Marketing"
"SEO Specialist focused on technical SEO, on-page optimization, and link-building strategies to achieve top rankings on search engine results pages (SERPs).","Marketing"
"أخصائي SEO يركز على التحسين التقني ومحركات البحث (SEO التقني)، والتحسين على الصفحة، واستراتيجيات بناء الروابط لتحقيق أفضل المراكز في صفحات نتائج محركات البحث (SERPs).","Marketing"
"Growth Hacker with a data-driven approach to user acquisition, retention, and monetization. Experienced in A/B testing and marketing automation platforms.","Marketing"
"خبير نمو يستخدم نهجًا قائمًا على البيانات لاكتساب المستخدمين والاحتفاظ بهم وتحقيق الدخل. لديه خبرة في الاختبار A/B ومنصات أتمتة التسويق.","Marketing"
"Email Marketing Specialist skilled in crafting targeted email campaigns, managing subscriber lists, and analyzing performance metrics to optimize conversion rates.","Marketing"
"أخصائي تسويق عبر البريد الإلكتروني يجيد صياغة حملات بريد إلكتروني مستهدفة وإدارة قوائم المشتركين وتحليل مقاييس الأداء لتحسين معدلات التحويل.","Marketing"
"Brand Strategist experienced in market research, competitive analysis, and developing unique brand positioning and messaging for new market entrants.","Marketing"
"استراتيجي العلامة التجارية لديه خبرة في أبحاث السوق والتحليل التنافسي وتطوير تحديد المواقع والرسائل الفريدة للعلامة التجارية للوافدين الجدد إلى السوق.","Marketing"
"Social Media Manager creating engaging content and managing communities across Instagram, Facebook, and TikTok to build strong brand loyalty.","Marketing"
"مدير وسائل التواصل الاجتماعي ينشئ محتوى جذابًا ويدير المجتمعات عبر Instagram و Facebook و TikTok لبناء ولاء قوي للعلامة التجارية.","Marketing"
"Content Marketing Manager developing content strategies that align with the buyer's journey, from blog posts and whitepapers to case studies and webinars.","Marketing"
"مدير تسويق المحتوى يطور استراتيجيات محتوى تتماشى مع رحلة المشتري، من منشورات المدونات والأوراق البيضاء إلى دراسات الحالة وندوات عبر الإنترنت.","Marketing"
"PPC Specialist managing large-scale Google Ads and Bing Ads campaigns, conducting keyword research, and optimizing ad spend for maximum ROI.","Marketing"
"أخصائي الدفع بالنقرة (PPC) يدير حملات Google Ads و Bing Ads واسعة النطاق، ويجري أبحاث الكلمات الرئيسية، ويحسن إنفاق الإعلانات لتعظيم عائد الاستثمار.","Marketing"
"Affiliate Marketing Manager building and managing a network of affiliates, developing promotional materials, and tracking performance through affiliate software.","Marketing"
"مدير التسويق بالعمولة يبني ويدير شبكة من الشركاء بالعمولة، ويطور المواد الترويجية، ويتتبع الأداء عبر برنامج الشركاء.","Marketing"
"Market Research Analyst skilled in designing surveys, conducting focus groups, and analyzing qualitative and quantitative data to inform marketing strategy.","Marketing"
"محلل أبحاث السوق ماهر في تصميم الاستبيانات وإجراء مجموعات التركيز وتحليل البيانات النوعية والكمية لإعلام استراتيجية التسويق.","Marketing"
"Product Marketing Manager launching new products and features, developing go-to-market strategies, and creating sales enablement tools for B2B software.","Marketing"
"مدير تسويق المنتج يطلق منتجات وملامح جديدة، ويطور استراتيجيات دخول الأسواق، وينشئ أدوات تمكين المبيعات لبرامج B2B.","Marketing"
"E-commerce Manager overseeing online store operations, product listings, promotions, and digital marketing campaigns to drive online sales.","Marketing"
"مدير متجر إلكتروني يشرف على عمليات المتجر عبر الإنترنت وقوائم المنتجات والترويج والحملات التسويقية الرقمية لدفع المبيعات عبر الإنترنت.","Marketing"
"Influencer Marketing Coordinator identifying and partnering with relevant influencers to create authentic content and promote brand products.","Marketing"
"منسق التسويق بال influencers يتعرف على influencers ذوي صلة ويتعاون معهم لإنشاء محتوى أصلي والترويج لمنتجات العلامة التجارية.","Marketing"
"Financial Controller with comprehensive experience in managing accounting teams, financial reporting, budgeting, and ensuring regulatory compliance.","Finance"
"مراقب مالي يتمتع بخبرة شاملة في إدارة فرق المحاسبة وإعداد التقارير المالية والميزانية وضمان الامتثال للوائح.","Finance"
"Investment Analyst skilled in equity research, financial modeling, and valuation techniques to provide data-driven investment recommendations.","Finance"
"محلل استثمار ماهر في أبحاث الأسهم والنمذجة المالية وتقنيات التقييم لتقديم توصيات استثمارية قائمة على البيانات.","Finance"
"FinTech Product Manager with a background in developing innovative digital payment solutions and mobile banking applications for financial institutions.","Finance"
"مدير منتجات التكنولوجيا المالية (FinTech) لديه خلفية في تطوير حلول الدفع الرقمية المبتكرة وتطبيقات البنوك المحمولة للمؤسسات المالية.","Finance"
"Tax Consultant specializing in international tax law, corporate tax planning, and helping clients optimize their tax strategies and ensure compliance.","Finance"
"مستشار ضريبي متخصص في قانون الضرائب الدولي والتخطيط الضريبي للشركات ومساعدة العملاء على تحسين استراتيجياتهم الضريبية وضمان الامتثال.","Finance"
"Treasury Analyst experienced in cash flow management, risk assessment, and implementing strategies to optimize corporate liquidity and working capital.","Finance"
"محلل خزانة لديه خبرة في إدارة التدفق النقدي وتقييم المخاطر وتنفيذ الاستراتيجيات لتحسين السيولة المؤسسية ورأس المال العامل.","Finance"
"Senior Accountant managing the full accounting cycle, including accounts payable/receivable, payroll, general ledger maintenance, and month-end close processes.","Finance"
"محاسب كبير يدير دورة المحاسبة الكاملة، بما في ذلك الحسابات الدائنة/المدينة وكشوف المرتبات وصيانة دفتر الأستاذ العام وعمليات إقفال نهاية الشهر.","Finance"
"Auditor (Internal) conducting operational and financial audits, evaluating internal controls, and providing recommendations for improving processes and compliance.","Finance"
"مدقق (داخلي) يجري عمليات تدقيق تشغيلية ومالية، ويقيم الضوابط الداخلية، ويقدم توصيات لتحسين العمليات والامتثال.","Finance"
"Financial Planner (CFP) assisting individuals and families with comprehensive financial planning, including retirement, investment, insurance, and estate planning.","Finance"
"مخطط مالي معتمد (CFP) يساعد الأفراد والعائلات في التخطيط المالي الشامل، بما في ذلك التخطيط للتقاعد والاستثمار والتأمين والتخطيط العقاري.","Finance"
"Credit Analyst assessing the creditworthiness of individuals and businesses by analyzing financial statements, credit reports, and market conditions.","Finance"
"محلل ائتمان يقيم الجدارة الائتمانية للأفراد والشركات من خلال تحليل البيانات المالية والتقارير الائتمانية وظروف السوق.","Finance"
"Risk Manager identifying, analyzing, and mitigating financial, operational, and strategic risks using quantitative models and risk assessment frameworks.","Finance"
"مدير مخاطر يتعرف على المخاطر المالية والتشغيلية والاستراتيجية ويحللها ويخفف من حدتها باستخدام نماذج كمية وأطر تقييم المخاطر.","Finance"
"M&A Analyst supporting mergers and acquisitions by conducting due diligence, financial modeling, and integration planning for corporate transactions.","Finance"
"محلل اندماج واستحواذ يدعم عمليات الدمج والاستحواذ من خلال إجراء العناية الواجبة والنمذجة المالية والتخطيط للدمج للمعاملات المؤسسية.","Finance"
"VP of Finance leading the finance department, developing financial strategy, managing investor relations, and overseeing capital raising initiatives.","Finance"
"نائب رئيس الشؤون المالية يقود قسم الشؤون المالية، ويطور الاستراتيجية المالية، ويدير علاقات المستثمرين، ويشرف على مبادرات جمع رأس المال.","Finance"
"Structural Engineer with 7 years of experience in the design and analysis of buildings and bridges using advanced modeling software and adhering to international codes.","Engineering"
"مهندس إنشائي يمتلك 7 سنوات من الخبرة في تصميم وتحليل المباني والجسور باستخدام برامج النمذجة المتقدمة والالتزام بالكودات الدولية.","Engineering"
"Renewable Energy Engineer specializing in the design and project management of solar PV and wind farm installations.","Engineering"
"مهندس طاقة متجددة متخصص في تصميم وإدارة مشاريع تركيب الألواح الشمسية وطواحين الهواء.","Engineering"
"Automotive Engineer focused on the design, testing, and validation of electric vehicle (EV) powertrains and battery systems.","Engineering"
"مهندس سيارات يركز على تصميم واختبار وتحقق أنظمة نقل الحركة والبطاريات للمركبات الكهربائية (EV).","Engineering"
"QA/QC Engineer ensuring the highest quality standards in manufacturing processes through rigorous testing, inspection, and continuous improvement methodologies.","Engineering"
"مهندس ضمان الجودة/مراقبة الجودة يضمن أعلى معايير الجودة في عمليات التصنيع من خلال الاختبارات الصارمة والتفتيش ومنهجيات التحسين المستمر.","Engineering"
"Robotics Engineer with experience in designing autonomous systems, computer vision, and motion planning for industrial automation applications.","Engineering"
"مهندس robotics لديه خبرة في تصميم الأنظمة المستقلة ورؤية الكمبيوتر وتخطيط الحركة لتطبيقات الأتمتة الصناعية.","Engineering"
"Civil Project Manager overseeing the planning, budgeting, and execution of large-scale infrastructure projects such as highways, tunnels, and water treatment plants.","Engineering"
"مدير مشاريع مدنية يشرف على التخطيط والميزانية وتنفيذ مشاريع البنية التحتية واسعة النطاق مثل الطرق السريعة والأنفاق ومحطات معالجة المياه.","Engineering"
"Electrical Design Engineer creating electrical systems and circuit designs for commercial buildings, industrial facilities, and power distribution networks.","Engineering"
"مهندس تصميم كهربائي يصمم الأنظمة الكهربائية وتصاميم الدوائر للمباني التجارية والمنشآت الصناعية وشبكات توزيع الطاقة.","Engineering"
"Mechanical Engineer (HVAC) designing heating, ventilation, and air conditioning systems for large commercial and residential projects.","Engineering"
"مهندس ميكانيكي (تكييف) يصمم أنظمة التدفئة والتهوية وتكييف الهواء للمشاريع التجارية والسكنية الكبيرة.","Engineering"
"Chemical Process Engineer optimizing chemical manufacturing processes, improving yield, and ensuring safety and environmental compliance in plant operations.","Engineering"
"مهندس عمليات كيميائية يحسن عمليات التصنيع الكيميائي، ويزيد الإنتاجية، ويضمن السلامة والامتثال البيئي في عمليات المصنع.","Engineering"
"Aerospace Engineer involved in the structural analysis and testing of aircraft components and systems using finite element analysis (FEA) software.","Engineering"
"مهندس طيران مشارك في التحليل الإنشائي واختبار مكونات وأنظمة الطائرات باستخدام برنامج تحليل العناصر المحددة (FEA).","Engineering"
"Biomedical Engineer developing medical devices and equipment, from conceptual design and prototyping to clinical testing and regulatory approval.","Engineering"
"مهندس طبي حيوي يطور الأجهزة والمعدات الطبية، من التصميم المفاهيمي والنماذج الأولية إلى الاختبارات السريرية والموافقة التنظيمية.","Engineering"
"Geotechnical Engineer analyzing soil and rock mechanics to assess site conditions and provide recommendations for foundations and earthworks for construction projects.","Engineering"
"مهندس جيوتقني يحلل ميكانيكا التربة والصخور لتقييم ظروف الموقع وتقديم توصيات للأساسيات وأعمال الحفر لمشاريع البناء.","Engineering"
"Registered Nurse with extensive experience in pediatric care, patient advocacy, and developing comprehensive care plans in a hospital setting.","Healthcare"
"ممرض مسجل يتمتع بخبرة واسعة في رعاية الأطفال والدفاع عن المرضى وتطوير خطط رعاية شاملة في بيئة المستشفى.","Healthcare"
"Medical Doctor (General Practitioner) with a patient-centered approach, skilled in diagnosis, treatment planning, and chronic disease management.","Healthcare"
"طبيب (ممارس عام) يتبع نهجًا يركز على المريض، ويجيد التشخيص وتخطيط العلاج وإدارة الأمراض المزمنة.","Healthcare"
"Physiotherapist specializing in sports injury rehabilitation, using manual therapy and exercise prescription to help patients recover mobility.","Healthcare"
"أخصائي علاج طبيعي متخصص في إعادة تأهيل إصابات الرياضيين، باستخدام العلاج اليدوي ووصف التمارين لمساعدة المرضى على استعادة الحركة.","Healthcare"
"Pharmacist with expertise in clinical pharmacy, medication therapy management, and ensuring patient safety through accurate dispensing and counseling.","Healthcare"
"صيدلي خبير في الصيدلة السريرية وإدارة العلاج الدوائي وضمان سلامة المرضى من خلال الصرف الدقيق والإرشاد.","Healthcare"
"MRI Radiographer proficient in operating imaging equipment, following safety protocols, and working with radiologists to aid in diagnosis.","Healthcare"
"فني أشعة الرنين المغناطيسي يجيد تشغيل معدات التصوير واتباع بروتوكولات السلامة والعمل مع أطباء الأشعة للمساعدة في التشخيص.","Healthcare"
"Emergency Room Nurse skilled in triage, trauma care, and working effectively under high-pressure situations to provide critical patient care.","Healthcare"
"ممرض غرفة الطوارئ ماهر في الفرز والرعاية الصدمية والعمل بفعالية تحت الضغط لتقديم رعاية حرجة للمرضى.","Healthcare"
"Medical Laboratory Scientist performing complex tests on patient samples, analyzing results, and providing crucial data for disease diagnosis and treatment.","Healthcare"
"عالم مختبرات طبية يجري اختبارات معقدة على عينات المرضى، ويحلل النتائج، ويقدم بيانات حاسمة لتشخيص الأمراض وعلاجها.","Healthcare"
"Speech-Language Pathologist assessing and treating communication and swallowing disorders in children and adults across various clinical settings.","Healthcare"
"أخصائي أمراض النطق واللغة يقيم ويعالج اضطرابات التواصل والبلع عند الأطفال والبالغين في مختلف الإعدادات السريرية.","Healthcare"
"Clinical Psychologist providing therapy and counseling services to individuals and groups, specializing in cognitive-behavioral therapy (CBT) for anxiety and depression.","Healthcare"
"طبيب نفسي إكلينيكي يقدم خدمات العلاج والإرشاد للأفراد والمجموعات، متخصص في العلاج السلوكي المعرفي (CBT) للقلق والاكتئاب.","Healthcare"
"Healthcare Administrator managing the operations of a hospital department, including staffing, budgeting, and ensuring compliance with healthcare regulations.","Healthcare"
"مسؤول الرعاية الصحية يدير عمليات قسم المستشفى، بما في ذلك التوظيف والميزانية وضمان الامتثال للوائح الرعاية الصحية.","Healthcare"
"Pediatrician providing primary healthcare for infants, children, and adolescents, including well-child exams, vaccinations, and treatment of acute and chronic illnesses.","Healthcare"
"طبيب أطفال يقدم الرعاية الصحية الأولية للرضع والأطفال والمراهقين، بما في ذلك فحوصات الطفل السليم والتطعيمات وعلاج الأمراض الحادة والمزمنة.","Healthcare"
"High School Mathematics Teacher with 5 years of experience creating engaging lesson plans and fostering a positive learning environment for diverse students.","Education"
"معلم رياضيات في المدرسة الثانوية يمتلك 5 سنوات من الخبرة في إنشاء خطط الدروس الجذابة وتعزيز بيئة تعليمية إيجابية للطلاب المتنوعين.","Education"
"University Professor of Computer Science, conducting research in artificial intelligence and machine learning while teaching undergraduate and graduate courses.","Education"
"أستاذ جامعي في علوم الكمبيوتر، يجري أبحاثًا في الذكاء الاصطناعي والتعلم الآلي أثناء تدريس مساقات لطلاب البكالوريوس والدراسات العليا.","Education"
"Curriculum Developer with expertise in designing STEM educational materials and digital learning content aligned with national standards.","Education"
"مطور مناهج دراسية خبير في تصميم مواد تعليمية STEM ومحتوى التعلم الرقمي المحاذاة مع المعايير الوطنية.","Education"
"School Counselor dedicated to supporting student academic achievement, social-emotional development, and career planning.","Education"
"مرشد طلابي مكرس لدعم التحصيل الدراسي للطالب والتطور الاجتماعي والعاطفي والتخطيط المهني.","Education"
"ESL Instructor experienced in teaching English language skills to non-native speakers of all ages and proficiency levels.","Education"
"مدرس لغة إنجليزية كلغة ثانية (ESL) لديه خبرة في تدريس مهارات اللغة الإنجليزية للناطقين بلغات أخرى من جميع الأعمار ومستويات الكفاءة.","Education"
"Special Education Teacher developing individualized education programs (IEPs) and using adaptive teaching methods to support students with diverse learning needs.","Education"
"معلم التربية الخاصة يطور برامج تعليمية فردية (IEPs) ويستخدم طرق تدريس تكيفية لدعم الطلاب ذوي الاحتياجات التعليمية المتنوعة.","Education"
"Elementary School Teacher creating a foundational and inclusive learning experience for young students across all core subjects.","Education"
"معلم مدرسة ابتدائية يخلق تجربة تعليمية تأسيسية وشاملة للطلاب الصغار عبر جميع المواد الأساسية.","Education"
"School Principal providing instructional leadership, managing school operations, and fostering a collaborative culture among teachers, students, and parents.","Education"
"مدير مدرسة يقدم قيادة تعليمية، ويدير عمليات المدرسة، ويعزز ثقافة تعاونية بين المعلمين والطلاب وأولياء الأمور.","Education"
"Librarian (School) managing the school library, promoting literacy and digital citizenship, and assisting students and teachers with research and resources.","Education"
"أمين مكتبة (مدرسة) يدير مكتبة المدرسة، ويعزز محو الأمية والمواطنة الرقمية، ويساعد الطلاب والمعلمين في البحث والموارد.","Education"
"Educational Technology Specialist integrating technology into the classroom, training teachers on new tools, and managing the school's digital learning platforms.","Education"
"أخصائي تكنولوجيا التعليم يدمج التكنولوجيا في الفصل الدراسي، ويدرب المعلمين على أدوات جديدة، ويدير منصات التعلم الرقمي في المدرسة.","Education"
"College Admissions Counselor advising high school students on the college application process, essay writing, and scholarship opportunities.","Education"
"مستشار القبول الجامعي يقدم النصح لطلاب المدارس الثانوية حول عملية التقديم للجامعة، وكتابة المقالات، وفرص المنح الدراسية.","Education"
"Cloud Infrastructure Engineer with 7 years experience designing and implementing scalable cloud solutions on AWS, Azure, and Google Cloud Platform.","IT"
"مهندس بنية تحتية سحابية يمتلك 7 سنوات خبرة في تصميم وتنفيذ حلول سحابية قابلة للتطوير على AWS و Azure ومنصة Google السحابية.","IT"
"Mobile Application Developer specializing in cross-platform development using Flutter and React Native with published apps on both iOS and Android stores.","IT"
"مطور تطبيقات جوال متخصص في التطوير跨 المنصات باستخدام Flutter و React Native مع تطبيقات منشورة على متجري iOS و Android.","IT"
"Database Administrator expert in SQL Server, Oracle, and MySQL database management, performance tuning, and disaster recovery planning.","IT"
"مسؤول قاعدة بيانات خبير في إدارة قواعد بيانات SQL Server و Oracle و MySQL، ضبط الأداء، وتخطيط استعادة الكوارث.","IT"
"Network Security Specialist implementing firewall configurations, intrusion detection systems, and security protocols for enterprise networks.","IT"
"أخصائي أمان شبكات ينفذ تكوينات الجدار الناري، وأنظمة كشف التسلل، وبروتوكولات الأمان للشبكات المؤسسية.","IT"
"Software Quality Assurance Lead managing testing teams and implementing automated testing frameworks for web and mobile applications.","IT"
"قائد ضمان جودة البرمجيات يدير فرق الاختبار وينفذ أطر الاختبار الآلي لتطبيقات الويب والجوال.","IT"
"AI Research Scientist developing machine learning algorithms and neural networks for natural language processing applications.","IT"
"عالم أبحاث الذكاء الاصطناعي يطور خوارزميات التعلم الآلي والشبكات العصبية لتطبيقات معالجة اللغة الطبيعية.","IT"
"IT Consultant providing technology advisory services to businesses for digital transformation and system modernization projects.","IT"
"مستشار تكنولوجيا المعلومات يقدم خدمات استشارية تكنولوجية للشركات لمشاريع التحول الرقمي وتحديث الأنظمة.","IT"
"ERP Implementation Specialist with expertise in SAP and Oracle ERP systems deployment and customization for manufacturing companies.","IT"
"أخصائي تنفيذ أنظمة ERP خبير في نشر وتخصيص أنظمة SAP و Oracle ERP للشركات التصنيعية.","IT"
"Technical Writer creating comprehensive documentation, user manuals, and API guides for software products and IT systems.","IT"
"كاتب تقني يوثق البرمجيات، وينشئ أدلة المستخدم وأدلة API لمنتجات البرامج وأنظمة تكنولوجيا المعلومات.","IT"
"Digital Marketing Director leading teams in developing comprehensive digital strategies across SEO, PPC, social media, and content marketing.","Marketing"
"مدير التسويق الرقمي يقود فرقًا في تطوير استراتيجيات رقمية شاملة عبر SEO و PPC ووسائل التواصل الاجتماعي والتسويق بالمحتوى.","Marketing"
"Content Strategist developing editorial calendars, content frameworks, and brand storytelling approaches for digital platforms.","Marketing"
"استراتيجي محتوى يطور تقويمات تحريرية، وأطر محتوى، ومناهج سرد العلامة التجارية للمنصات الرقمية.","Marketing"
"Social Media Analyst tracking campaign performance, measuring engagement metrics, and providing insights for strategy optimization.","Marketing"
"محلل وسائل التواصل الاجتماعي يتتبع أداء الحملات، ويقيس مقاييس المشاركة، ويقدم رؤى لتحسين الاستراتيجية.","Marketing"
"Brand Manager developing brand guidelines, positioning strategies, and marketing campaigns for consumer products.","Marketing"
"مدير العلامة التجارية يطور إرشادات العلامة التجارية، واستراتيجيات التموضع، والحملات التسويقية للمنتجات الاستهلاكية.","Marketing"
"Digital Analytics Manager implementing tracking solutions, analyzing user behavior data, and providing insights for conversion rate optimization.","Marketing"
"مدير التحليلات الرقمية ينفذ حلول التتبع، ويحلل بيانات سلوك المستخدم، ويقدم رؤى لتحسين معدلات التحويل.","Marketing"
"Marketing Automation Specialist configuring and optimizing marketing automation platforms like HubSpot and Marketo for lead nurturing.","Marketing"
"أخصائي أتمتة التسويق يهيء ويحسن منصات أتمتة التسويق مثل HubSpot و Marketo لتغذية العملاء المحتملين.","Marketing"
"E-commerce Marketing Manager developing strategies for online customer acquisition, retention, and loyalty programs for retail brands.","Marketing"
"مدير تسويق التجارة الإلكترونية يطور استراتيجيات لاكتساب العملاء عبر الإنترنت، والاحتفاظ بهم، وبرامج الولاء للعلامات التجارية Retail.","Marketing"
"Public Relations Specialist managing media relations, press releases, and corporate communications for technology companies.","Marketing"
"أخصائي علاقات عامة يدير العلاقات الإعلامية، البيانات الصحفية، والاتصالات المؤسسية لشركات التكنولوجيا.","Marketing"
"Partnership Marketing Manager developing co-marketing initiatives and strategic partnerships with complementary brands and influencers.","Marketing"
"مدير تسويق الشراكات يطور مبادرات التسويق المشترك والشراكات الاستراتيجية مع العلامات التجارية التكميلية والمؤثرين.","Marketing"
"Financial Analyst conducting financial forecasting, budgeting, and variance analysis for corporate finance departments.","Finance"
"محلل مالي يجري التنبؤ المالي، وضع الميزانيات، وتحليل الانحرافات لأقسام التمويل المؤسسي.","Finance"
"Corporate Treasurer managing corporate liquidity, cash flow forecasting, and banking relationships for multinational corporations.","Finance"
"أمين صندوق شركات يدير سيولة الشركة، التنبؤ بالتدفق النقدي، والعلاقات المصرفية للشركات متعددة الجنسيات.","Finance"
"Investment Banker executing M&A transactions, IPOs, and capital raising activities for technology and healthcare companies.","Finance"
"مصرفي استثماري ينفذ صفقات الدمج والاستحواذ، الطروح العامة الأولية، وأنشطة جمع رأس المال لشركات التكنولوجيا والرعاية الصحية.","Finance"
"Private Equity Analyst performing due diligence, financial modeling, and investment analysis for private equity fund investments.","Finance"
"محلل أسهم خاصة يجري العناية الواجبة، النمذجة المالية، وتحليل الاستثمار لاستثمارات صناديق الأسهم الخاصة.","Finance"
"Wealth Management Advisor providing investment advice, retirement planning, and portfolio management services to high-net-worth individuals.","Finance"
"مستشار إدارة الثروات يقدم نصائح استثمارية، تخطيط التقاعد، وخدمات إدارة المحافظ للأفراد ذوي الثروات العالية.","Finance"
"Commercial Lender evaluating business loan applications, assessing credit risk, and structuring debt financing for small and medium enterprises.","Finance"
"مقرض تجاري يقيم طلبات قروض الأعمال، يقيم مخاطر الائتمان، ويشكل تمويل الديون للمؤسسات الصغيرة والمتوسطة.","Finance"
"Financial Compliance Officer ensuring adherence to financial regulations, anti-money laundering policies, and corporate governance standards.","Finance"
"مسؤول الامتثال المالي يضمن الالتزام باللوائح المالية، سياسات مكافحة غسل الأموال، ومعايير حوكمة الشركات.","Finance"
"Hedge Fund Analyst conducting quantitative research, developing trading strategies, and performing risk analysis for investment funds.","Finance"
"محلل صناديق التحوط يجري أبحاثًا كمية، يطور استراتيجيات تداول، ويجري تحليل المخاطر لصناديق الاستثمار.","Finance"
"Insurance Underwriter assessing risk, determining coverage terms, and pricing insurance policies for property and casualty insurance.","Finance"
"كاتب تأمين يقيم المخاطر، يحدد شروط التغطية، ويحدد أسعار بوالص التأمين للممتلكات والتأمين ضد الحوادث.","Finance"
"Structural Design Engineer creating detailed structural designs and calculations for high-rise buildings and industrial facilities.","Engineering"
"مهندس تصميم إنشائي يصمم حسابات وتصاميم إنشائية مفصلة للمباني الشاهقة والمنشآت الصناعية.","Engineering"
"Environmental Engineer developing solutions for water treatment, waste management, and pollution control projects.","Engineering"
"مهندس بيئي يطور حلولًا لمشاريع معالجة المياه، إدارة النفايات، والتحكم في التلوث.","Engineering"
"Petroleum Engineer designing drilling programs, reservoir management strategies, and production optimization techniques for oil and gas fields.","Engineering"
"مهندس بترول يصمم برامج الحفر، استراتيجيات إدارة المكامن، وتقنيات تحسين الإنتاج لحقول النفط والغاز.","Engineering"
"Construction Project Manager overseeing building construction projects from planning and design through execution and completion.","Engineering"
"مدير مشاريع بناء يشرف على مشاريع بناء المباني من التخطيط والتصميم إلى التنفيذ والانتهاء.","Engineering"
"Manufacturing Engineer optimizing production processes, implementing lean manufacturing principles, and improving production efficiency.","Engineering"
"مهندس تصنيع يحسن عمليات الإنتاج، ينفذ مبادئ التصنيع الهزيل، ويحسن كفاءة الإنتاج.","Engineering"
"Electrical Power Engineer designing electrical power systems, substations, and distribution networks for utility companies.","Engineering"
"مهندس طاقة كهربائية يصمم أنظمة الطاقة الكهربائية، المحطات الفرعية، وشبكات التوزيع لشركات المرافق.","Engineering"
"Telecommunications Engineer planning and implementing network infrastructure, fiber optics systems, and wireless communication networks.","Engineering"
"مهندس اتصالات يخطط وينفذ البنية التحتية للشبكات، أنظمة الألياف البصرية، وشبكات الاتصالات اللاسلكية.","Engineering"
"Marine Engineer designing ship systems, propulsion systems, and offshore structures for maritime and offshore industries.","Engineering"
"مهندس بحري يصمم أنظمة السفن، أنظمة الدفع، والمنشآت البحرية لصناعات البحرية والبحرية.","Engineering"
"Materials Engineer developing new materials, testing material properties, and selecting materials for specific engineering applications.","Engineering"
"مهندس مواد يطور مواد جديدة، يختبر خصائص المواد، ويختار المواد لتطبيقات هندسية محددة.","Engineering"
"Emergency Medicine Physician providing urgent medical care, trauma management, and critical care services in hospital emergency departments.","Healthcare"
"طبيب طب الطوارئ يقدم رعاية طبية عاجلة، إدارة الصدمات، وخدمات الرعاية الحرجة في أقسام الطوارئ بالمستشفيات.","Healthcare"
"Surgical Nurse assisting in operating rooms, preparing surgical instruments, and providing patient care during surgical procedures.","Healthcare"
"ممرض جراحي يساعد في غرف العمليات، يحضر الأدوات الجراحية، ويقدم رعاية المرضى أثناء الإجراءات الجراحية.","Healthcare"
"Medical Researcher conducting clinical trials, researching disease mechanisms, and developing new treatment protocols.","Healthcare"
"باحث طبي يجري تجارب سريرية، يبحث في آليات الأمراض، ويطور بروتوكولات علاج جديدة.","Healthcare"
"Nutritionist developing dietary plans, providing nutritional counseling, and promoting healthy eating habits for clients with specific health conditions.","Healthcare"
"أخصائي تغذية يطور خططًا غذائية، يقدم استشارات غذائية، ويعزز عادات الأكل الصحية للعملاء ذوي الحالات الصحية الخاصة.","Healthcare"
"Physical Therapy Assistant helping patients with rehabilitation exercises, mobility training, and pain management under therapist supervision.","Healthcare"
"مساعد علاج طبيعي يساعد المرضى في تمارين إعادة التأهيل، تدريب الحركة، وإدارة الألم تحت إشراف المعالج.","Healthcare"
"Medical Imaging Technician operating CT, MRI, and ultrasound equipment to produce diagnostic images for medical professionals.","Healthcare"
"فني التصوير الطبي يشغل أجهزة CT و MRI والموجات فوق الصوتية لإنتاج صور تشخيصية للمتخصصين الطبيين.","Healthcare"
"Health Informatics Specialist managing electronic health records systems, healthcare data analytics, and health information technology projects.","Healthcare"
"أخصائي informatics صحي يدير أنظمة السجلات الصحية الإلكترونية، تحليلات بيانات الرعاية الصحية، ومشاريع تكنولوجيا المعلومات الصحية.","Healthcare"
"Oncology Nurse providing specialized care for cancer patients, administering chemotherapy, and supporting patients through treatment processes.","Healthcare"
"ممرض أورام يقدم رعاية متخصصة لمرضى السرطان، ي administering العلاج الكيميائي، ويدعم المرضى خلال عمليات العلاج.","Healthcare"
"Dental Hygienist performing teeth cleaning, oral health assessments, and patient education on dental care practices.","Healthcare"
"أخصائي صحة فم وأسنان ينظف الأسنان، يقيم صحة الفم، ويعلم المرضى ممارسات العناية بالأسنان.","Healthcare"
"Elementary School Principal providing leadership, managing school operations, and supporting teachers in delivering quality education to young students.","Education"
"مدير مدرسة ابتدائية يقدم القيادة، يدير عمليات المدرسة، ويدعم المعلمين في تقديم تعليم جيد للطلاب الصغار.","Education"
"Special Education Coordinator developing and implementing individualized education programs for students with special learning needs.","Education"
"منسق التربية الخاصة يطور وينفذ برامج تعليمية فردية للطلاب ذوي الاحتياجات التعليمية الخاصة.","Education"
"STEM Teacher instructing students in science, technology, engineering, and mathematics subjects using hands-on learning approaches.","Education"
"معلم STEM يدرس الطلاب في مواد العلوم والتكنولوجيا والهندسة والرياضيات باستخدام أساليب التعلم العملي.","Education"
"University Department Chair providing academic leadership, managing faculty, and overseeing curriculum development for university departments.","Education"
"رئيس قسم جامعي يقدم قيادة أكاديمية، يدير أعضاء هيئة التدريس، ويشرف على تطوير المناهج للأقسام الجامعية.","Education"
"Educational Psychologist assessing learning difficulties, providing counseling services, and developing intervention strategies for students.","Education"
"طبيب نفسي تربوي يقيم صعوبات التعلم، يقدم خدمات الإرشاد، ويطور استراتيجيات التدخل للطلاب.","Education"
"Curriculum Designer creating educational materials, lesson plans, and learning activities aligned with educational standards and objectives.","Education"
"مصمم مناهج دراسية يصمم مواد تعليمية، خطط الدروس، وأنشطة التعلم المحاذاة للمعايير والأهداف التعليمية.","Education"
"Language Instructor teaching foreign languages to students of various ages using immersive and communicative teaching methodologies.","Education"
"مدرس لغة يدرس اللغات الأجنبية للطلاب من مختلف الأعمار باستخدام منهجيات التدريس الغامرة والتواصلية.","Education"
"Early Childhood Educator providing developmentally appropriate education and care for children in preschool and kindergarten settings.","Education"
"مربي الطفولة المبكرة يقدم تعليمًا ورعاية مناسبة للنمو للأطفال في settings الحضانة ورياض الأطفال.","Education"
"Career Counselor helping students and professionals with career planning, job search strategies, and professional development guidance.","Education"
"مرشد مهني يساعد الطلاب والمحترفين في التخطيط المهني، استراتيجيات البحث عن عمل، وتوجيه التطور المهني.","Education"